[{"path": "646cb5193677705dd1765618afd8f9ed.txt", "ridx": 16, "q": "2012年12月26日，上诉人秦某某酒后拦乘被害人陈某某所驾驶的出租车，前往阜阳市南二环电视台附近租住处。后借出租车费用滋事，用随身携带的匕首将陈某某脸部划伤，陈某某趁秦某某不备，打开车门逃离。秦某某醉酒后又驾驶出租车撞坏道路防护栏及广告牌等物。经检测，秦某某静脉血乙醇含量为218.1mg／100ml。经鉴定，陈某某的伤情属轻伤。另查明，秦某某与陈某某达成调解协议，一次性赔偿陈某某医疗费等各项经济损失65000元，得到了陈某某的谅解。", "crime": ["寻衅滋事罪"], "inputs": {"input_ids": [8151, 2399, 8110, 3299, 8153, 3189, 8024, 677, 6401, 782, 4912, 3378, 3378, 6983, 1400, 2882, 733, 6158, 2154, 782, 7357, 3378, 3378, 2792, 7730, 7724, 4638, 1139, 4909, 6756, 8024, 1184, 2518, 7338, 7345, 2356, 1298, 753, 4384, 4510, 6228, 1378, 7353, 6818, 4909, 857, 1905, 511, 1400, 955, 1139, 4909, 6756, 6589, 4500, 3996, 752, 8024, 4500, 7390, 6716, 3025, 2372, 4638, 1264, 7674, 2199, 7357, 3378, 3378, 5567, 6956, 1153, 839, 8024, 7357, 3378, 3378, 6630, 4912, 3378, 3378, 679, 1906, 8024, 2802, 2458, 6756, 7305, 6845, 4895, 511, 4912, 3378, 3378, 7004, 6983, 1400, 1348, 7730], "event_type_ids": [0, 0, 0, 0, 0, 0, 0, 0, 0, 0, 0, 0, 0, 53, 0, 0, 0, 0, 0, 0, 0, 0, 0, 0, 92, 0, 0, 0, 0, 0, 0, 0, 0, 0, 0, 0, 0, 0, 0, 0, 0, 0, 0, 0, 22, 0, 0, 0, 0, 22, 0, 0, 0, 0, 0, 0, 0, 0, 0, 68, 0, 68, 68, 0, 0, 0, 0, 0, 0, 0, 0, 0, 64, 0, 0, 0, 0, 0, 0, 0, 0, 0, 0, 0, 0, 0, 0, 0, 0, 97, 0, 0, 0, 0, 0, 53, 0, 0, 0, 92]}}, {"path": "23a4c94dd21714f53c1a5d88a79cb84b.txt", "ridx": 27, "q": "2010年3月26日凌晨，原审被告人李雪和杜某、李某1、周某、李某2、徐某等人在凤阳县府城镇小中都口福烧烤店吃烧烤时，遇到汤某、孙某2、孙某1、苏某等人，因双方人员中有人认识，便将桌子合并在一起吃。期间杜某和汤某因敬酒发生争执，后双方散场，都往小中都后门方向去，双方仍有语言争执，苏某打110报警称小中都后门有人打架。民警接警后到现场未发现有人打架，在询问谁是报警人时，汤某驾驶一辆牌照为皖M×××＊＊黑色丰田凯美瑞轿车向南驶去，原审被告人李雪等人认为汤某的车辆从其跟前划了一把方向并且报警，遂由李雪驾驶一辆无牌照灰色本田CRV轿车，李某1驾驶一辆牌照为皖M×××＊＊黑色伊兰特轿车追撵汤某。杜某乘坐在李雪驾驶车辆内，周某、李某2乘坐在李某1驾驶车辆内。汤某驾车在府城镇城区内先后沿东环路、府东街、文昌街、东华路等道路行驶，将车开到洪武路派出所院内停下，原审被告人李雪也驾车紧追至洪武派出所院内。原审被告人李雪和杜某下车拉汤某的车门准备问报警的原因，汤某又驾驶车离开洪武派出所。原审被告人李雪驾驶车辆继续追撵。两辆车先后沿东华路、府北街、府西街、火巷子、楼西街行驶至清明北路刘某2家附近停下。在追撵期间，两车发生了碰撞。原审被告人李雪和杜某下车与汤某等人相互撕扯，被刘某2家人劝开。随后李某1驾车也赶到现场，直接撞击到汤某轿车的尾部。杜某在现场讲“给我撞”，李某1再次驾车向汤某的轿车撞击多次，原审被告人李雪也驾车向汤某轿车左侧车门撞击两下，致汤某车辆严重受损。案发后，汤某与杜某达成民事调解协议并履行，汤某对原审被告人李雪予以谅解。原审被告人李雪于2011年10月25日主动到公安机关投案。", "crime": ["寻衅滋事罪"], "inputs": {"input_ids": [8166, 2399, 124, 3299, 8153, 3189, 1119, 3247, 8024, 1333, 2144, 6158, 1440, 782, 3330, 7434, 1469, 3336, 3378, 510, 3330, 3378, 122, 510, 1453, 3378, 510, 3330, 3378, 123, 510, 2528, 3378, 5023, 782, 1762, 1128, 7345, 1344, 2424, 1814, 7252, 2207, 704, 6963, 1366, 4886, 4173, 4171, 2421, 1391, 4173, 4171, 3198, 8024, 6878, 1168, 3739, 3378, 510, 2101, 3378, 123, 510, 2101, 3378, 122, 510, 5722, 3378, 5023, 782, 8024, 1728, 1352, 3175, 782, 1447, 704, 3300, 782, 6371, 6399, 8024, 912, 2199, 3430, 2094, 1394, 2400, 1762, 671, 6629, 1391, 511, 3309, 7313, 3336, 3378, 1469], "event_type_ids": [0, 0, 0, 0, 0, 0, 0, 0, 0, 0, 0, 0, 0, 0, 0, 0, 0, 0, 0, 0, 0, 0, 0, 0, 0, 0, 0, 0, 0, 0, 0, 0, 0, 0, 0, 0, 0, 0, 0, 0, 0, 0, 0, 0, 0, 0, 0, 0, 0, 0, 0, 0, 0, 0, 0, 0, 0, 0, 0, 0, 0, 0, 0, 0, 0, 0, 0, 0, 0, 0, 0, 0, 0, 0, 0, 0, 0, 0, 0, 0, 0, 0, 0, 0, 0, 0, 0, 0, 0, 0, 0, 0, 0, 0, 0, 0, 0, 0, 0, 0]}}, {"path": "15498bd4-2f34-47c2-b4e8-257e4e8822fb/06362ea027e4ca96b82e5aafed154be81b2.json", "ridx": 706, "q": "2011年秋天至2012年10月份，被告人张某某、王某某、雷某某、周某某、龙某某、李某某、牛某某分别结伙驾车携带钢筋钳、砍刀、消防枪等工具，多次窜至汤阴县、安阳县、内黄县、安阳市文峰区、河北省临漳县、河北省魏县、河北省磁县、河北省武安市等地盗窃通信电缆、电瓶、电动车等物品，并将部分通信电缆卖给被告人朱某某、赵某某，朱某某、赵某某又将收购的通信电缆卖给被告人李某甲。其中张某某参与盗窃十三次，盗窃物品价值243293元；王某某、雷某某均参与盗窃十二次，盗窃物品价值241853元；周某某参与盗窃八次，盗窃物品价值142516元；龙某某参与盗窃五次，盗窃物品价值79153元；李某某参与盗窃三次，盗窃物品价值66182元；牛某某参与盗窃一次，盗窃物品价值1440元。2012年8月至2012年10月，朱某某、赵某某明知张某某等人所卖的通信电缆是盗窃所得，而多次予以收购；李某甲明知朱某某、赵某某所卖的通信电缆是赃物，而多次予以收购，三人均收购被盗通信电缆六次，被盗电缆价值121447元。", "crime": ["盗窃罪", "掩饰、隐瞒犯罪所得、犯罪所得收益罪"], "inputs": {"input_ids": [8163, 2399, 4904, 1921, 5635, 8151, 2399, 8108, 3299, 819, 8024, 6158, 1440, 782, 2476, 3378, 3378, 510, 4374, 3378, 3378, 510, 7440, 3378, 3378, 510, 1453, 3378, 3378, 510, 7987, 3378, 3378, 510, 3330, 3378, 3378, 510, 4281, 3378, 3378, 1146, 1166, 5310, 832, 7730, 6756, 3025, 2372, 7167, 5025, 7179, 510, 4775, 1143, 510, 3867, 7344, 3366, 5023, 2339, 1072, 8024, 1914, 3613, 4972, 5635, 3739, 7346, 1344, 510, 2128, 7345, 1344, 510, 1079, 7942, 1344, 510, 2128, 7345, 2356, 3152, 2292, 1277, 510, 3777, 1266, 4689, 707, 4040, 1344, 510, 3777, 1266, 4689, 7794, 1344, 510, 3777], "event_type_ids": [0, 0, 0, 0, 0, 0, 0, 0, 0, 0, 0, 0, 0, 0, 0, 0, 0, 0, 0, 0, 0, 0, 0, 0, 0, 0, 0, 0, 0, 0, 0, 0, 0, 0, 0, 0, 0, 0, 0, 0, 0, 0, 0, 91, 0, 0, 0, 68, 0, 0, 0, 0, 0, 0, 0, 0, 0, 0, 0, 0, 0, 0, 0, 0, 0, 0, 0, 0, 0, 0, 0, 0, 0, 0, 0, 0, 0, 0, 0, 0, 0, 0, 0, 0, 0, 0, 0, 0, 0, 0, 0, 0, 0, 0, 0, 0, 0, 0, 0, 0]}}, {"path": "093d4c13-4c0c-464a-9805-c1b991ceff6b/031edc6094af1a0a8bf141cebfff3570587.json", "ridx": 6706, "q": "1.2015年9月，被告人潘坛发在未取得林木采伐许可证的情形下，采伐其向大岭头村王樟火承判的“甫弄”山场上的林木。经鉴定，共采伐杉木7株，立木材积（蓄积）0.5265立方米，折木材材积0.3159立方米。2.2016年7、8月，被告人潘坛发在未取得林木采伐许可证的情形下，采伐其向小竹溪村王某2户承判的“大甫兰”山场上的林木。经鉴定，采伐杉木126根，立木材积（蓄积）10.3589立方米，折木材材积6.2153立方米；采伐松某12根，立木材积（蓄积）3.7649立方米，折木材材积2.2589立方米。合计采伐林木138根，立木材积（蓄积）14.1238立方米，折木材材积8.4743立方米。3.2016年7、8月，被告人潘坛发在未取得林木采伐许可证的情形下，采伐其向小竹溪村王李俊（已故）户承判的“树彭下”、“柴湾”二块山场林木。经鉴定，采伐“树彭下”山场杉木7根，立木材积（蓄积）0.7875立方米，折木材材积0.4725立方米；采伐“柴湾”山场杉木、松某21根，立木材积（蓄积）为3.8764立方米，折木材材积2.3258立方米；其中19根杉木蓄积2.4180立方米，杉木材积1.4508立方米；2根松某蓄积1.4584立方米、松某材积0.8750立方米；两处山场合计采伐林木28根，立木材积（蓄积）4.6639立方米，折木材材积2.7983立方米。4.2016年7、8月，被告人潘坛发在未取得林木采伐许可证的情形下，采伐其向小竹溪村王显贵户承判的“柴湾”山场林木。经鉴定，采伐杉木9根，立木材积（蓄积）1.9448立方米，折木材材积1.1669立方米。5.2016年7、8月，被告人潘坛发在未取得林木采伐许可证的情形下，采伐其向小竹溪村王木兴（已故）户承判的“柴湾”山场林木。经鉴定，采伐杉木4根，立木材积（蓄积）0.9746立方米，折木材材积0.5848立方米。6.2016年11月，被告人潘坛发在未取得林木采伐许可证的情形下，采伐其位于小××村甫弄“八石下”山场林木。经鉴定，采伐杉木9根，立木材积（蓄积）1.1744立方米，折木材材积0.7046立方米。7.2016年11月，被告人潘坛发在未取得林木采伐许可证的情形下，采伐其向小竹溪村汤水发户承判的“外大丘田下”山场林木。经鉴定，采伐杉木6根，立木材积（蓄积）1.7445立方米，折木材材积1.0467立方米；综上，2015年至2016年期间，被告人潘坛发在上述8处山场共计滥伐立木材积（蓄积）为25.1525立方米，折木材材积15.0915立方米。经松阳县价格认证中心认定，2015年杉木700元／立方米，松某350元／立方米。2016年杉木650元／立方米，松某300元／立方米。", "crime": ["滥伐林木罪"], "inputs": {"input_ids": [122, 119, 8119, 2399, 130, 3299, 8024, 6158, 1440, 782, 4050, 1781, 1355, 1762, 3313, 1357, 2533, 3360, 3312, 7023, 827, 6387, 1377, 6395, 4638, 2658, 2501, 678, 8024, 7023, 827, 1071, 1403, 1920, 2275, 1928, 3333, 4374, 3562, 4125, 2824, 1161, 4638, 100, 4502, 2462, 100, 2255, 1767, 677, 4638, 3360, 3312, 511, 5307, 7063, 2137, 8024, 1066, 7023, 827, 3329, 3312, 128, 3415, 8024, 4989, 3312, 3332, 4916, 8020, 5898, 4916, 8021, 121, 119, 8247, 9331, 4989, 3175, 5101, 8024, 2835, 3312, 3332, 3332, 4916, 121, 119, 9613, 8160, 4989, 3175, 5101, 511, 123, 119, 8112, 2399, 128], "event_type_ids": [0, 0, 0, 0, 0, 0, 0, 0, 0, 0, 0, 0, 0, 0, 0, 0, 0, 0, 0, 0, 0, 0, 0, 0, 0, 0, 0, 0, 0, 0, 0, 0, 0, 0, 0, 0, 0, 0, 0, 0, 0, 0, 0, 0, 0, 0, 0, 0, 0, 0, 0, 0, 0, 0, 0, 13, 0, 0, 0, 0, 0, 0, 0, 0, 0, 0, 0, 0, 0, 0, 0, 0, 0, 0, 0, 0, 0, 0, 0, 0, 0, 0, 0, 0, 0, 0, 0, 0, 0, 0, 0, 0, 0, 0, 0, 0, 0, 0, 0, 0]}}, {"path": "99acf736-7817-4777-9543-a8ed4af925fc/0259f8a2befdf3724a41c55b35f0880fab7.json", "ridx": -743, "q": "凃某、汪某（已判）于2015年4月26日上午和27日上午，用面包车分两次将所盗窃的YJV22-3×95型电缆线80.5公斤、YJV22-3×120型电缆线197.5公斤、铝绞线50公斤运到乐山市沙湾区的永恒废旧回收门市（该门市经营者系黄鑫梅丈夫刘某）出售，该门市负责收购的被告人黄鑫梅在未核实电缆线和铝绞线合法有效来源情况下，进行了收购。经峨边彝族自治县价格认证中心鉴定，黄鑫梅所收购的电缆线、铝绞线共计价值人民币12988元。2015年5月19日被告人黄鑫梅被公安民警抓获归案。另查明，乐山市沙湾区永恒废旧回收门市经营者为刘某（黄鑫梅之丈夫）。", "crime": [], "inputs": {"input_ids": [100, 3378, 510, 3742, 3378, 8020, 2347, 1161, 8021, 754, 8119, 2399, 125, 3299, 8153, 3189, 677, 1286, 1469, 8149, 3189, 677, 1286, 8024, 4500, 7481, 1259, 6756, 1146, 697, 3613, 2199, 2792, 4668, 4961, 4638, 100, 118, 124, 9569, 9102, 1798, 4510, 5348, 5296, 8188, 119, 126, 1062, 3165, 510, 100, 118, 124, 9569, 12256, 1798, 4510, 5348, 5296, 10596, 119, 126, 1062, 3165, 510, 7199, 5319, 5296, 8145, 1062, 3165, 6817, 1168, 727, 2255, 2356, 3763, 3968, 1277, 4638, 3719, 2608, 2426, 3191, 1726, 3119, 7305, 2356, 8020, 6421, 7305, 2356, 5307, 5852, 5442, 5143, 7942, 7144, 3449], "event_type_ids": [0, 0, 0, 0, 0, 0, 0, 0, 0, 0, 0, 0, 0, 0, 0, 0, 0, 0, 0, 0, 0, 0, 0, 0, 0, 0, 0, 0, 0, 0, 0, 0, 0, 76, 76, 0, 0, 0, 0, 0, 0, 0, 0, 0, 0, 0, 0, 0, 0, 0, 0, 0, 0, 0, 0, 0, 0, 0, 0, 0, 0, 0, 0, 0, 0, 0, 0, 0, 0, 0, 0, 0, 32, 0, 0, 0, 0, 0, 0, 0, 0, 0, 0, 0, 0, 0, 0, 0, 0, 0, 0, 0, 0, 0, 0, 0, 0, 0, 0, 0]}}, {"path": "9834f9f7-8d9b-4fdf-9b0e-3e009d45ac65/0295c59825d4c814b3eddecb9489a891894.json", "ridx": 2361, "q": "2016年10月3日，被告人闵某驾驶鲁Q×××××福特猛禽皮卡车为一婚礼服务，车斗载着一名录像人员及负责放鞭炮的被害人董某乙。11时许，闵某驾驶车辆沿费县建设东路由东向西行驶至费县阳光塑料厂门口路段时，为了拍摄行驶的婚礼车队，福特车减速慢行。待车队经过后，福特车继续行驶，后董某乙从车上坠落，导致董某乙因颈髓横断死亡。另查明，2016年10月5日，被告人闵某与被害人近亲属达成了和解协议，闵某赔偿了被害人近亲属损失60万元，被害人近亲属对被告人的行为表示谅解，请求对被告人从轻、减轻处罚，依法不起诉或免予刑事处罚。", "crime": ["交通肇事罪"], "inputs": {"input_ids": [8112, 2399, 8108, 3299, 124, 3189, 8024, 6158, 1440, 782, 7314, 3378, 7730, 7724, 7826, 100, 4886, 4294, 4338, 4896, 4649, 1305, 6756, 711, 671, 2042, 4851, 3302, 1218, 8024, 6756, 3159, 6770, 4708, 671, 1399, 2497, 1008, 782, 1447, 1350, 6566, 6569, 3123, 7498, 4152, 4638, 6158, 2154, 782, 5869, 3378, 734, 511, 8111, 3198, 6387, 8024, 7314, 3378, 7730, 7724, 6756, 6775, 3784, 6589, 1344, 2456, 6392, 691, 6662, 4507, 691, 1403, 6205, 6121, 7724, 5635, 6589, 1344, 7345, 1045, 1848, 3160, 1322, 7305, 1366, 6662, 3667, 3198, 8024, 711, 749, 2864, 3029, 6121, 7724, 4638, 2042, 4851], "event_type_ids": [0, 0, 0, 0, 0, 0, 0, 0, 0, 0, 0, 0, 0, 0, 0, 0, 0, 0, 0, 0, 0, 0, 0, 0, 0, 0, 0, 0, 0, 0, 0, 0, 0, 0, 0, 0, 0, 0, 0, 0, 0, 0, 0, 0, 0, 0, 0, 0, 0, 0, 0, 0, 0, 0, 0, 0, 0, 0, 0, 0, 0, 0, 0, 0, 0, 0, 0, 0, 0, 0, 0, 0, 0, 0, 0, 0, 0, 0, 0, 0, 0, 0, 0, 0, 0, 0, 0, 0, 0, 0, 0, 0, 0, 0, 0, 0, 0, 0, 0, 0]}}, {"path": "4394be47-aeb3-422c-a4a6-7063214daea0/010af96d311f1d135324c58e017e5f76ddc.json", "ridx": 6072, "q": "（一）2017年1月3日，被告人吴持标和厉永高（另案处理）让被告人叶小忠到本市城区兴平路“十三不搭”棋牌室内与斯某1等人赌博，并由被告人吴持标联系被告人徐忠华提供赌资人民币5000元，当日下午，被告人叶小忠赢得人民币4800元，被告人吴持标、叶小忠、徐忠华和厉永高各分得人民币1400元、1100元、800元、1100元。斯某1因输了钱，决定晚上叫用监控牌“出老千”的人来赌博。被告人吴持标和厉永高告诉被告人叶小忠、徐忠华和楼国红（另案处理）该情况，并提议以抓“出老千”的方式敲诈斯某1钱财，被告人叶小忠、徐忠华和楼国红表示同意。被告人吴持标让楼国红联系被告人俞某，让被告人俞某陪被告人叶小忠前往赌博，抓住“出老千”的人，并表示会给被告人俞某一点好处，被告人俞某表示同意。后由被告人徐忠华提供赌资，被告人叶小忠、俞某前往“十三不搭”棋牌室，由被告人叶小忠与斯某1叫来的任某等人以押“牛牛”的方式赌博。在赌博过程中，被告人叶小忠输了钱，假意当场发现任某使用了监控牌“出老千”，并将其抓住，厉永高与斯某1离开现场。被告人叶小忠、俞某在棋牌室内以对方“出老千”为由对任某进行殴打，后被告人俞某联系了楼国红等人将任某带至本市白云街道望江南路88号徐忠华经营的百川金融投资公司。期间，被告人叶小忠私自拿走任某的赌资人民币8000余元。后斯某1等人前来商谈赔偿事宜。被告人叶小忠、俞某等人以赌博“出老千”为由对斯某1、任某进行殴打。在被告人徐忠华、叶小忠、吴持标等人的要求下，斯某1同意赔偿人民币50000元，任某写下赔偿60000元的欠条，被告人吴持标带斯某1回家拿钱。后因他人报警，被告人吴持标、叶小忠、徐忠华等人未能拿到钱款。案发后，公安机关从被告人叶小忠处扣押人民币6400元。被告人徐忠华、俞某主动到公安机关投案，被告人徐忠华到案后如实供述了主要的犯罪事实。被害人斯某1、任某对被告人徐忠华、吴持标表示谅解。被告人徐忠华因涉犯嫌犯敲诈勒索罪被公安机关依法取保候审后，于2017年11月7日协助公安机关抓获其他犯罪嫌疑人1名（姓名在卷）。（二）被告人徐忠华因涉嫌犯敲诈勒索罪被公安机关依法取保候审期间，为能在法院判决中获得从轻处罚，与朋友楼某（另案处理）商量，让其扮演盗窃电动车的小偷，楼某同意。后被告人徐忠华又与朋友斯某2（另案处理）商量，让其扮演被盗电动车的失主，斯某2同意。2017年7月31日，由被告人徐忠华出资以斯某2的名义购买了爱玛牌电动车1辆。2017年8月2日上午8时许，被告人徐忠华让斯某2将购买的爱玛牌电动车停放于本市城东街道李宅“沸腾”网吧对面。当日上午，被告人徐忠华认为楼某体型较大，为避免公安机关怀疑，遂与姐夫徐某2（另案处理）商量，让其扮演一起抓小偷的人，徐某2同意。楼某根据被告人徐忠华安排“偷”了该辆电动车，在旁等候的被告人徐忠华与徐某2见状即上前将楼某“抓获”并报警。在接受公安机关调查中，被告人徐忠华和楼某、斯某2、徐某2又分别作了虚假陈述。东阳市公安局以涉嫌犯盗窃罪，于2017年8月2日对楼某立案侦查并刑事拘留，后移送至东阳市人民检察院审查起诉，东阳市人民检察院审查后认为，楼某实施了盗窃行为，但因犯罪情节轻微，且具有坦白等情节，不需要判处刑罚，决定对其不起诉（现已撤销）。东阳市公安局根据查证材料，出具了被告人徐忠华的立功情节证明，并移送至本院。本院在审理被告人徐忠华等人敲诈勒索一案中，发现被告人徐忠华和楼某有伪造立功情节行为的嫌疑，即将线索移送给东阳市公安局侦查。经侦查讯问，楼某、斯某2、徐某2如实供述了帮助被告人徐忠华伪造立功情节的事实。被告人徐忠华和楼某、斯某2、徐某2的上述行为严重妨害了司法秩序。", "crime": ["敲诈勒索罪", "妨害作证罪"], "inputs": {"input_ids": [8020, 671, 8021, 8109, 2399, 122, 3299, 124, 3189, 8024, 6158, 1440, 782, 1426, 2898, 3403, 1469, 1326, 3719, 7770, 8020, 1369, 3428, 1905, 4415, 8021, 6375, 6158, 1440, 782, 1383, 2207, 2566, 1168, 3315, 2356, 1814, 1277, 1069, 2398, 6662, 100, 1282, 676, 679, 3022, 100, 3470, 4277, 2147, 1079, 680, 3172, 3378, 122, 5023, 782, 6603, 1300, 8024, 2400, 4507, 6158, 1440, 782, 1426, 2898, 3403, 5468, 5143, 6158, 1440, 782, 2528, 2566, 1290, 2990, 897, 6603, 6598, 782, 3696, 2355, 8262, 1039, 8024, 2496, 3189, 678, 1286, 8024, 6158, 1440, 782, 1383, 2207, 2566, 6617, 2533, 782], "event_type_ids": [0, 0, 0, 0, 0, 0, 0, 0, 0, 0, 0, 0, 0, 0, 0, 0, 0, 0, 0, 0, 0, 0, 0, 0, 0, 0, 50, 0, 0, 0, 0, 0, 0, 0, 0, 0, 0, 0, 0, 0, 0, 0, 0, 0, 0, 0, 0, 0, 0, 0, 0, 0, 0, 0, 0, 0, 0, 88, 88, 0, 0, 0, 0, 0, 0, 0, 0, 0, 36, 36, 0, 0, 0, 0, 0, 0, 44, 44, 0, 0, 0, 0, 0, 0, 0, 0, 0, 0, 0, 0, 0, 0, 0, 0, 0, 0, 0, 24, 0, 0]}}, {"path": "0132af6fd9eeb00a2fb9b037621256f0.txt", "ridx": 21, "q": "2012年8月24日17时30分许，杨某乙、赵某某、李某某、刘某某、郭某甲驾车从山西来到银川市并在银川市兴庆区解放东街“临海”宾馆登记住宿。到银川市后杨某乙找到其老乡张某某。当天晚上11时许，张某某及其朋友范某某带着杨某乙、赵某某、李某某到银川市大新镇新渠稍村被告人杨某甲、马建成所开设的赌场内赌博。8月25日凌晨4时许，杨某乙等人赌博完回到临海宾馆的房间内睡觉。8月25日7时许，被告人杨某甲、马建成对张某某说杨某乙、赵某某在赌博时出“老千”作弊，让张某某带其二人以及王某某等人到杨某乙和赵某某住的宾馆。到临海宾馆楼下后，杨某甲、马建成与被叫下楼的杨某乙、赵某某商谈赔偿事宜，后又将杨某乙、赵某某用车拉至掌政镇汉渠附近。下车后，被告人杨某甲、马建成等人让杨某乙和赵某某赔偿因杨某乙、赵某某赌博时出“老千”给杨某甲造成的损失15万元，要求他们将钱打至马建成提供的农业银行的银行卡内。因杨某乙、赵某某无法筹到钱，随同杨某甲、马建成一同去的王某某（另案处理）持木棒将杨某乙致伤，并对赵某某进行殴打，因杨某乙伤势较重，杨某甲交给张某某1200元，并让张某某送杨某乙去医院看伤。后杨某甲、马建成等人又将赵某某带至贺兰县金贵镇，因赵某某无法筹到钱，马建成交给赵某某100元车费后将赵某某放走。杨某乙的伤情经法医鉴定为重伤。", "crime": ["故意伤害罪"], "inputs": {"input_ids": [8151, 2399, 129, 3299, 8125, 3189, 8126, 3198, 8114, 1146, 6387, 8024, 3342, 3378, 734, 510, 6627, 3378, 3378, 510, 3330, 3378, 3378, 510, 1155, 3378, 3378, 510, 6958, 3378, 4508, 7730, 6756, 794, 2255, 6205, 3341, 1168, 7213, 2335, 2356, 2400, 1762, 7213, 2335, 2356, 1069, 2412, 1277, 6237, 3123, 691, 6125, 100, 707, 3862, 100, 2161, 7667, 4633, 6381, 857, 2162, 511, 1168, 7213, 2335, 2356, 1400, 3342, 3378, 734, 2823, 1168, 1071, 5439, 740, 2476, 3378, 3378, 511, 2496, 1921, 3241, 677, 8111, 3198, 6387, 8024, 2476, 3378, 3378, 1350, 1071, 3301, 1351, 5745, 3378, 3378, 2372], "event_type_ids": [0, 0, 0, 0, 0, 0, 0, 0, 0, 0, 0, 0, 0, 0, 0, 0, 0, 0, 0, 0, 0, 0, 0, 0, 0, 0, 0, 0, 0, 0, 0, 0, 0, 0, 0, 0, 0, 0, 0, 0, 0, 0, 0, 0, 0, 0, 0, 0, 0, 0, 0, 0, 0, 0, 0, 0, 0, 0, 0, 0, 0, 0, 0, 0, 0, 0, 0, 0, 0, 0, 0, 0, 0, 0, 0, 0, 0, 0, 0, 0, 0, 0, 0, 0, 0, 0, 0, 0, 0, 0, 0, 0, 0, 0, 0, 0, 0, 0, 0, 0]}}, {"path": "a18d15b84b6b17a4204684806d74f2a3.txt", "ridx": 9, "q": "被告人计如勤于2016年12月至2017年7月在高度休闲娱乐有限公司（以下简称高度公司）担任电工期间，趁帮助该公司缴纳电费之机，通过伪造电费收据、虚报电费的方式，骗取高度公司电费共计人民币300546元并挥霍。该院另查明，计如勤于2015年到高度公司担任电工并负责缴纳电费等工作，未签订劳务合同；另，被告人计如勤于2018年2月26日被河北省保定市公安局莲池区分局东关派出所抓获羁押，并扣押赃款人民币3万元，现已发还被害人；高度公司与止止茶舍（原蓝岸咖啡）系一个老板且电力方面均由计如勤负责。", "crime": ["职务侵占罪"], "inputs": {"input_ids": [6158, 1440, 782, 6369, 1963, 1249, 754, 8112, 2399, 8110, 3299, 5635, 8109, 2399, 128, 3299, 1762, 7770, 2428, 828, 7312, 2031, 727, 3300, 7361, 1062, 1385, 8020, 809, 678, 5042, 4917, 7770, 2428, 1062, 1385, 8021, 2857, 818, 4510, 2339, 3309, 7313, 8024, 6630, 2376, 1221, 6421, 1062, 1385, 5373, 5287, 4510, 6589, 722, 3322, 8024, 6858, 6814, 841, 6863, 4510, 6589, 3119, 2945, 510, 5994, 2845, 4510, 6589, 4638, 3175, 2466, 8024, 7745, 1357, 7770, 2428, 1062, 1385, 4510, 6589, 1066, 6369, 782, 3696, 2355, 8209, 9488, 8158, 1039, 2400, 2916, 7452, 511, 6421, 7368, 1369, 3389, 3209], "event_type_ids": [0, 0, 0, 0, 0, 0, 0, 0, 0, 0, 0, 0, 0, 0, 0, 0, 0, 0, 0, 0, 0, 0, 0, 0, 0, 0, 0, 0, 0, 0, 0, 0, 0, 0, 0, 0, 0, 0, 0, 0, 0, 0, 0, 0, 0, 43, 43, 0, 0, 0, 28, 0, 0, 0, 0, 0, 0, 0, 0, 74, 74, 0, 0, 0, 0, 0, 71, 0, 0, 0, 0, 0, 0, 0, 71, 0, 0, 0, 0, 0, 0, 0, 0, 0, 0, 0, 0, 0, 0, 0, 0, 0, 7, 0, 0, 0, 0, 0, 0, 0]}}, {"path": "3f4ea3be-245a-401d-9e2d-b48d0658bd07/0055dbd5dc3ad3a85178650b7f310635a3c.json", "ridx": 2331, "q": "2012年10月3日13时许，被告人赵某甲醉酒后无证驾驶无号牌五菱小型货车，沿乡道由五山往昌明方向行驶至0KM＋200M路段时，恰遇被告人陆某醉酒后无证驾驶无号牌超标电动三轮车搭乘被害人李某，由便道右转弯驶入乡道，两车在转弯路口发生碰刮，致使三轮摩托车侧翻，李某被甩出车外倒在路面上，被赵某甲驾驶的小型货车碾压，造成李某当场死亡及两车损坏的道路交通事故。经大新县公安局交警大队认定，陆某承担事故的主要责任，赵某甲承担事故的次要责任。经检验，陆某血液中的乙醇含量为108毫克／100毫升；赵某甲血液中的乙醇含量为247毫克／100毫升，两人属醉酒状态。事发后，陆某、赵某甲分别赔偿被害人家属经济损失1万元和1.5万元。", "crime": ["交通肇事罪", "危险驾驶罪"], "inputs": {"input_ids": [8151, 2399, 8108, 3299, 124, 3189, 8124, 3198, 6387, 8024, 6158, 1440, 782, 6627, 3378, 4508, 7004, 6983, 1400, 3187, 6395, 7730, 7724, 3187, 1384, 4277, 758, 5837, 2207, 1798, 6573, 6756, 8024, 3784, 740, 6887, 4507, 758, 2255, 2518, 3208, 3209, 3175, 1403, 6121, 7724, 5635, 100, 6662, 3667, 3198, 8024, 2623, 6878, 6158, 1440, 782, 7355, 3378, 7004, 6983, 1400, 3187, 6395, 7730, 7724, 3187, 1384, 4277, 6631, 3403, 4510, 1220, 676, 6762, 6756, 3022, 733, 6158, 2154, 782, 3330, 3378, 8024, 4507, 912, 6887, 1381, 6760, 2482, 7724, 1057, 740, 6887, 8024, 697, 6756, 1762, 6760, 2482], "event_type_ids": [0, 0, 0, 0, 0, 0, 0, 0, 0, 0, 0, 0, 0, 0, 0, 0, 53, 53, 0, 0, 0, 92, 92, 0, 0, 0, 0, 0, 0, 0, 0, 0, 0, 0, 0, 0, 0, 0, 0, 0, 0, 0, 0, 0, 0, 0, 0, 0, 0, 0, 0, 0, 0, 0, 0, 0, 0, 0, 0, 53, 0, 0, 0, 0, 92, 0, 0, 0, 0, 0, 0, 0, 0, 0, 0, 0, 0, 0, 0, 0, 0, 0, 0, 0, 0, 0, 0, 0, 0, 0, 0, 0, 0, 0, 0, 0, 0, 0, 0, 0]}}, {"path": "3e97d766516f32d99b40b01ad8c6a1f1.txt", "ridx": 26, "q": "原审被告人于守刚在任梅河口市农机局某某镇农机站站长期间，于2010年7月6日，在为本镇农民钟某某办理购买国家补贴农机时，向钟某某收取抵押金人民币2万元，并给钟某某出具加盖梅河口市某某镇农机工作站公章的收据1份，后将此款占为己有。案发后，原审被告人于守刚退还全部赃款。", "crime": ["贪污罪"], "inputs": {"input_ids": [1333, 2144, 6158, 1440, 782, 754, 2127, 1157, 1762, 818, 3449, 3777, 1366, 2356, 1093, 3322, 2229, 3378, 3378, 7252, 1093, 3322, 4991, 4991, 7270, 3309, 7313, 8024, 754, 8166, 2399, 128, 3299, 127, 3189, 8024, 1762, 711, 3315, 7252, 1093, 3696, 7164, 3378, 3378, 1215, 4415, 6579, 743, 1744, 2157, 6133, 6585, 1093, 3322, 3198, 8024, 1403, 7164, 3378, 3378, 3119, 1357, 2850, 2852, 7032, 782, 3696, 2355, 123, 674, 1039, 8024, 2400, 5314, 7164, 3378, 3378, 1139, 1072, 1217, 4667, 3449, 3777, 1366, 2356, 3378, 3378, 7252, 1093, 3322, 2339, 868, 4991, 1062, 4995, 4638, 3119, 2945, 122], "event_type_ids": [0, 0, 0, 0, 0, 0, 0, 0, 0, 0, 0, 0, 0, 0, 0, 0, 0, 0, 0, 0, 0, 0, 0, 0, 0, 0, 0, 0, 0, 0, 0, 0, 0, 0, 0, 0, 0, 0, 0, 0, 0, 0, 0, 0, 0, 0, 0, 19, 19, 0, 0, 0, 0, 0, 0, 0, 0, 0, 0, 0, 0, 47, 0, 0, 0, 0, 0, 0, 0, 0, 0, 0, 0, 0, 0, 0, 0, 0, 0, 0, 0, 0, 0, 0, 0, 0, 0, 0, 0, 0, 0, 0, 0, 0, 0, 0, 0, 0, 0, 0]}}, {"path": "2916de6a-241c-480b-98d9-0880ac543814/050eacf832016b6a5635c489e6c9cf6db28.json", "ridx": 3342, "q": "被告人陈某甲和被告人陈某丙是亲兄弟关系。2014年6月间，被告人陈某甲在其租赁并经营的位于广州市越秀区濠畔街某号地下士多店内，多次非法向魏某等14名吸毒人员（均另案处理）贩卖复方磷酸可待因糖浆、口服溶液，并于2014年6月9日晚，在上述地址容留魏某等6名吸毒人员当场服用复方磷酸可待因糖浆、口服溶液。被告人陈某乙受被告人陈某甲的雇佣，在上述地址协助被告人陈某甲经营士多店、贩卖复方磷酸可待因糖浆和口服溶液，并容留他人在此服用。同时，被告人陈某丙在上述地址2次向吸毒人员黄某贩卖毒品甲基苯丙胺共1克。2014年6月9日晚，公安人员对广州市越秀区濠畔街某号地下进行检查，现场抓获被告人陈某甲、陈某乙、陈某丙，并从濠畔街某号地下室内缴获复方磷酸可待因糖浆6瓶（经鉴定，净重373.14克，检出可待因成分）、复方磷酸可待因口服溶液6瓶（经鉴定，净重841.38克，检出可待因成分）；从被告人陈某丙身上缴获白色晶体3包（经鉴定，净重1.04克，检出甲基苯丙胺成分）、复方磷酸可待因糖浆1瓶（经鉴定，净重73.61克，检出可待因成分）。缴获的上述毒品现已扣押在案。", "crime": ["容留他人吸毒罪", "走私、贩卖、运输、制造毒品罪"], "inputs": {"input_ids": [6158, 1440, 782, 7357, 3378, 4508, 1469, 6158, 1440, 782, 7357, 3378, 688, 3221, 779, 1040, 2475, 1068, 5143, 511, 8127, 2399, 127, 3299, 7313, 8024, 6158, 1440, 782, 7357, 3378, 4508, 1762, 1071, 4909, 6595, 2400, 5307, 5852, 4638, 855, 754, 2408, 2336, 2356, 6632, 4899, 1277, 4090, 4521, 6125, 3378, 1384, 1765, 678, 1894, 1914, 2421, 1079, 8024, 1914, 3613, 7478, 3791, 1403, 7794, 3378, 5023, 8122, 1399, 1429, 3681, 782, 1447, 8020, 1772, 1369, 3428, 1905, 4415, 8021, 6575, 1297, 1908, 3175, 4840, 7000, 1377, 2521, 1728, 5131, 3841, 510, 1366, 3302, 3988, 3890, 8024, 2400, 754], "event_type_ids": [0, 0, 0, 0, 0, 0, 0, 0, 0, 0, 0, 0, 0, 0, 0, 0, 0, 0, 0, 0, 0, 0, 0, 0, 0, 0, 0, 0, 0, 0, 0, 0, 0, 0, 22, 22, 0, 0, 0, 0, 0, 0, 0, 0, 0, 0, 0, 0, 0, 0, 0, 0, 0, 0, 0, 0, 0, 0, 0, 0, 0, 0, 0, 0, 0, 0, 0, 0, 0, 0, 86, 0, 0, 0, 0, 0, 0, 0, 0, 0, 0, 87, 87, 0, 0, 0, 0, 0, 0, 0, 0, 0, 0, 0, 0, 0, 0, 0, 0, 0]}}, {"path": "876ee86e-2935-4998-87d0-a2f383a360cb/0248e35f76eefed72a1430a41eee20cc4b1.json", "ridx": 837, "q": "2012年72013年8月25日晚，被告人郭海平与同案人陈某（已判刑）事先商量购买冰毒事宜。同年8月27日，被告人郭海平在其位于惠东县平山镇住处拿了人民币2.8万元给陈某让其到陆丰市甲西镇购买毒品甲基苯丙胺。同年8月28日，陈某以人民币2.2万元的价钱向同村的范良才（在逃）购买了1千克甲基苯丙胺，后带到惠东县平山镇交给郭海平。同年8月31日晚，被告人郭海平因该批毒品质量不好要求陈某帮其换货，并联系了出租车司机蒋某载陈某回陆丰市甲西镇，至同年9月1日凌晨3时许，途经陆丰市南塘检查站被检查时陈某乘机逃脱，司机蒋某被抓获，从车上陈某携带一个背包内现场查获疑似毒品1袋，净重927.80克，检出甲基苯丙胺成分，含量为36.76g／100g。2015年11月25日23时许，惠东县公安局民警在惠东县平山镇惠升花园二栋二单元504房抓获被告人郭海平，在该住宅厨房洗手盆下面缴获白色晶体可疑毒品6包（经鉴定，未检出常见毒品成分，净重共5903.80克）、阳台的一个箱子里缴获可疑毒品1包（经鉴定，检出氯胺酮成分，净重为995.70克）、在衣柜的抽屉内缴获可疑毒品1包（经鉴定，检出氯胺酮成分，净重为417.20克）、在大厅茶几下缴获红色颗粒状可疑毒品115粒（经鉴定，均检出甲基苯丙胺成分，净重共22.27克）、红色粉末状可疑毒品1小包（经鉴定，检出甲基苯丙胺成分，净重为0.80克）、白色晶体状可疑毒品2小包（经鉴定，均检出甲基苯丙胺成分，净重共为1.26克）、在床头枕头下查获1支枪形物，经鉴定：是以火药为动力的自制手枪；弹形物10枚，经鉴定，是国产64式7.62mm手枪弹。经计算，以上检出氯胺酮成分的总共净重1412.90克、检出甲基苯丙胺成分的总共净重24.33克。2015年10月至被抓捕前，被告人郭海平提供其居住的惠东县平山惠新花园504房给冯某（另案处理）吸食毒品甲基苯丙胺两次，给曾某（另案处理）吸食毒品甲基苯丙胺三次。", "crime": ["容留他人吸毒罪", "走私、贩卖、运输、制造毒品罪", "非法持有、私藏枪支、弹药罪"], "inputs": {"input_ids": [8151, 2399, 10503, 8679, 2399, 129, 3299, 8132, 3189, 3241, 8024, 6158, 1440, 782, 6958, 3862, 2398, 680, 1398, 3428, 782, 7357, 3378, 8020, 2347, 1161, 1152, 8021, 752, 1044, 1555, 7030, 6579, 743, 1102, 3681, 752, 2139, 511, 1398, 2399, 129, 3299, 8149, 3189, 8024, 6158, 1440, 782, 6958, 3862, 2398, 1762, 1071, 855, 754, 2669, 691, 1344, 2398, 2255, 7252, 857, 1905, 2897, 749, 782, 3696, 2355, 123, 119, 129, 674, 1039, 5314, 7357, 3378, 6375, 1071, 1168, 7355, 705, 2356, 4508, 6205, 7252, 6579, 743, 3681, 1501, 4508, 1825, 5738, 688, 5542, 511, 1398, 2399, 129, 3299], "event_type_ids": [0, 0, 0, 0, 0, 0, 0, 0, 0, 0, 0, 0, 0, 0, 0, 0, 0, 0, 0, 0, 0, 0, 0, 0, 0, 0, 0, 0, 0, 0, 91, 0, 19, 19, 0, 0, 0, 0, 0, 0, 0, 0, 0, 0, 0, 0, 0, 0, 0, 0, 0, 0, 0, 0, 0, 0, 0, 0, 0, 0, 0, 0, 0, 0, 0, 0, 0, 0, 0, 0, 0, 0, 0, 0, 0, 0, 0, 50, 0, 0, 0, 0, 0, 0, 0, 0, 19, 19, 0, 0, 0, 0, 0, 0, 0, 0, 0, 0, 0, 0]}}, {"path": "3b72bdf2-58c8-4f97-9d4b-13226f8e5dcf/012790799e36693da49ab20dba65eabb3f0.json", "ridx": 3878, "q": "2018年1月19日，被告人贺某承租了黄陵县阳光小区二期9号楼1单元201室，在购置了两台自动麻将机后，于2018年1月23日，开始在其承租房内经营麻将馆，参赌人员刘晓某、王晓某、党某、吕某、李某某、张永某、鲍某、杨明某、宋国某等人主动或应邀到该麻将馆以打麻将的形式赌博，参赌人员以10000元为一局，赌注为庄家500元，偏家300元。每局开局前，贺某收取每人300元，共计1200元作为台费，同年1月28日被公安机关当场查获。经营期间共抽头渔利14000元左右。2018年1月26日，被告人高某向贺某提出在麻将馆为参赌人员提供赌资，贺某同意。高某于1月28日为参赌人员提供赌资30000元，收取利息300元。又查明，被告人贺某已退缴非法获利14000元，高某已退缴非法获利300元。", "crime": ["开设赌场罪"], "inputs": {"input_ids": [8271, 2399, 122, 3299, 8131, 3189, 8024, 6158, 1440, 782, 6590, 3378, 2824, 4909, 749, 7942, 7377, 1344, 7345, 1045, 2207, 1277, 753, 3309, 130, 1384, 3517, 122, 1296, 1039, 9250, 2147, 8024, 1762, 6579, 5390, 749, 697, 1378, 5632, 1220, 7937, 2199, 3322, 1400, 8024, 754, 8271, 2399, 122, 3299, 8133, 3189, 8024, 2458, 1993, 1762, 1071, 2824, 4909, 2791, 1079, 5307, 5852, 7937, 2199, 7667, 8024, 1346, 6603, 782, 1447, 1155, 3236, 3378, 510, 4374, 3236, 3378, 510, 1054, 3378, 510, 1406, 3378, 510, 3330, 3378, 3378, 510, 2476, 3719, 3378, 510, 7828, 3378, 510, 3342, 3209, 3378], "event_type_ids": [0, 0, 0, 0, 0, 0, 0, 0, 0, 0, 0, 0, 22, 22, 0, 0, 0, 0, 0, 0, 0, 0, 0, 0, 0, 0, 0, 0, 0, 0, 0, 0, 0, 0, 19, 0, 0, 0, 0, 0, 0, 0, 0, 0, 0, 0, 0, 0, 0, 0, 0, 0, 0, 0, 0, 0, 0, 0, 22, 22, 0, 0, 0, 0, 0, 0, 0, 0, 88, 88, 0, 0, 0, 0, 0, 0, 0, 0, 0, 0, 0, 0, 0, 0, 0, 0, 0, 0, 0, 0, 0, 0, 0, 0, 0, 0, 0, 0, 0, 0]}}, {"path": "5b4b6ae7-ceac-4134-a862-de57c3e760e1/00923f0c5233cc37d846c50d53382cbffe3.json", "ridx": 5504, "q": "2010年5月17日17时许，李保庆（另案处理）以高某某调戏其外甥媳妇为由伙同被告人李爱群和张锋（另案处理）将高某某强行拉到安阳市小营村附近旅社内对其予以殴打，并拘禁至5月18日15时许，并且当场逼要高某某2000元现金，又让高某某书写了一张3000元的欠条。另查明，案发后被告人等已赔偿被害人经济损失2000元，并退赃款2000元。", "crime": ["抢劫罪"], "inputs": {"input_ids": [8166, 2399, 126, 3299, 8126, 3189, 8126, 3198, 6387, 8024, 3330, 924, 2412, 8020, 1369, 3428, 1905, 4415, 8021, 809, 7770, 3378, 3378, 6444, 2767, 1071, 1912, 4498, 2060, 1967, 711, 4507, 832, 1398, 6158, 1440, 782, 3330, 4263, 5408, 1469, 2476, 7226, 8020, 1369, 3428, 1905, 4415, 8021, 2199, 7770, 3378, 3378, 2487, 6121, 2861, 1168, 2128, 7345, 2356, 2207, 5852, 3333, 7353, 6818, 3180, 4852, 1079, 2190, 1071, 750, 809, 3666, 2802, 8024, 2400, 2872, 4881, 5635, 126, 3299, 8123, 3189, 8115, 3198, 6387, 8024, 2400, 684, 2496, 1767, 6873, 6206, 7770, 3378, 3378, 8202, 1039, 4385, 7032], "event_type_ids": [0, 0, 0, 0, 0, 0, 0, 0, 0, 0, 0, 0, 0, 0, 0, 0, 0, 0, 0, 0, 0, 0, 0, 0, 0, 0, 0, 0, 0, 0, 0, 0, 91, 0, 0, 0, 0, 0, 0, 0, 0, 0, 0, 0, 0, 0, 0, 0, 0, 0, 0, 0, 0, 67, 0, 0, 0, 0, 0, 0, 0, 0, 0, 0, 0, 0, 0, 0, 0, 0, 0, 0, 64, 64, 0, 0, 69, 69, 0, 0, 0, 0, 0, 0, 0, 0, 0, 0, 0, 0, 0, 67, 50, 0, 0, 0, 0, 0, 0, 0]}}, {"path": "ec908ef7c9eb9a54f565557535adde3f.txt", "ridx": 17, "q": "2017年1月18日4时许，上诉人张某某翻墙进入位于银川市西夏区平吉堡农场的被害人徐某某家中盗窃棉衣等财物，在张某某将财物窃取成功准备逃离时，被赶回家中的徐某某发现，徐某某将张某某追至院外一片空地并将张某某的胳膊抓住后，张某某推了徐某某的胸口位置，致徐某某摔倒头部受伤后，张某某逃离现场。经银川市西夏区价格认证中心认定，被盗财物价值为人民币170元。经银川市公安局物证鉴定所鉴定：徐某某身体所受损伤程度评定为轻微伤。", "crime": ["盗窃罪"], "inputs": {"input_ids": [8109, 2399, 122, 3299, 8123, 3189, 125, 3198, 6387, 8024, 677, 6401, 782, 2476, 3378, 3378, 5436, 1870, 6822, 1057, 855, 754, 7213, 2335, 2356, 6205, 1909, 1277, 2398, 1395, 1836, 1093, 1767, 4638, 6158, 2154, 782, 2528, 3378, 3378, 2157, 704, 4668, 4961, 3469, 6132, 5023, 6568, 4289, 8024, 1762, 2476, 3378, 3378, 2199, 6568, 4289, 4961, 1357, 2768, 1216, 1114, 1906, 6845, 4895, 3198, 8024, 6158, 6628, 1726, 2157, 704, 4638, 2528, 3378, 3378, 1355, 4385, 8024, 2528, 3378, 3378, 2199, 2476, 3378, 3378, 6841, 5635, 7368, 1912, 671, 4275, 4958, 1765, 2400, 2199, 2476, 3378, 3378, 4638], "event_type_ids": [0, 0, 0, 0, 0, 0, 0, 0, 0, 0, 0, 0, 0, 0, 0, 0, 0, 0, 95, 95, 0, 0, 0, 0, 0, 0, 0, 0, 0, 0, 0, 0, 0, 0, 0, 0, 0, 0, 0, 0, 0, 0, 76, 76, 0, 0, 0, 0, 0, 0, 0, 0, 0, 0, 0, 0, 0, 76, 0, 0, 0, 0, 0, 97, 97, 0, 0, 0, 0, 0, 0, 0, 0, 0, 0, 0, 0, 0, 0, 0, 0, 0, 0, 0, 0, 0, 0, 0, 0, 0, 0, 0, 0, 0, 0, 0, 0, 0, 0, 0]}}, {"path": "a87d66a0-e114-4116-9c48-e92492f02caa/0276dfd071a9b8894e1f79ba6bfab07ba08.json", "ridx": 330, "q": "2018年8月15日15时许，被告人杨海、陈洪凯驾驶摩托车窜至贵安新区湖潮乡京安大道碧桂园路段时，发现渝F×××××号丰田轿车停放在路边，被告人杨海负责放风，被告人陈洪凯使用螺丝刀将丰田轿车副驾驶车窗砸坏，盗走车内一台价值人民币2587元的捷渡行车记录仪。后二人驾驶摩托车逃离途中被公安民警抓获，当场在二人所骑乘摩托车内查获所盗上述行车记录仪。另查明：被盗行车记录仪已追回发还失主，被告人陈洪凯盗窃时驾驶的摩托车一辆被公安机关查扣。被告人陈洪凯家属在案发后赔偿被害人张某1车窗修理费4651元。", "crime": ["盗窃罪"], "inputs": {"input_ids": [8271, 2399, 129, 3299, 8115, 3189, 8115, 3198, 6387, 8024, 6158, 1440, 782, 3342, 3862, 510, 7357, 3825, 1132, 7730, 7724, 3040, 2805, 6756, 4972, 5635, 6586, 2128, 3173, 1277, 3959, 4060, 740, 776, 2128, 1920, 6887, 4819, 3424, 1736, 6662, 3667, 3198, 8024, 1355, 4385, 3939, 100, 1384, 705, 4506, 6771, 6756, 977, 3123, 1762, 6662, 6804, 8024, 6158, 1440, 782, 3342, 3862, 6566, 6569, 3123, 7599, 8024, 6158, 1440, 782, 7357, 3825, 1132, 886, 4500, 6090, 692, 1143, 2199, 705, 4506, 6771, 6756, 1199, 7730, 7724, 6756, 4970, 4790, 1776, 8024, 4668, 6624, 6756, 1079, 671, 1378, 817], "event_type_ids": [0, 0, 0, 0, 0, 0, 0, 0, 0, 0, 0, 0, 0, 0, 0, 0, 0, 0, 0, 0, 0, 0, 0, 0, 0, 0, 0, 0, 0, 0, 0, 0, 0, 0, 0, 0, 0, 0, 0, 0, 0, 0, 0, 0, 0, 0, 0, 0, 0, 0, 0, 0, 0, 0, 0, 0, 0, 0, 0, 0, 0, 0, 0, 0, 0, 0, 0, 0, 0, 0, 0, 0, 0, 0, 0, 0, 0, 0, 0, 0, 0, 0, 0, 0, 0, 0, 0, 0, 0, 0, 81, 0, 0, 76, 0, 0, 0, 0, 0, 0]}}, {"path": "ce70b1a2-d984-44a3-8902-9c595e273372/0421d6c7b327b00b272b049e092983f332a.json", "ridx": 3228, "q": "2018年5月8日18时许，被告人吴方建在本辖区枫树二路园中缘超市门口，以人民币500元的价格将毒品甲基苯丙胺片剂（俗称“麻果”）10颗卖给购毒人员孙某，交易完成后被民警当场抓获。民警从孙某身上查获甲基苯丙胺红色片剂10颗，从被告人吴方建身上查获毒资人民币500元。上述疑似毒品及毒资均被扣押。经称量及鉴定，上述查获毒品可疑物均检出毒品甲基苯丙胺成分，共计净重0.92克。2018年5月9日，被告人吴方建的检测样本（尿液）经胶体金层析法现场检测，甲基苯丙胺结果呈阳性；同日，被告人吴方建因吸食毒品行为经武汉市公安局武汉经济技术开发区（汉南区）分局决定对其行政拘留十日。", "crime": ["走私、贩卖、运输、制造毒品罪"], "inputs": {"input_ids": [8271, 2399, 126, 3299, 129, 3189, 8123, 3198, 6387, 8024, 6158, 1440, 782, 1426, 3175, 2456, 1762, 3315, 6785, 1277, 3367, 3409, 753, 6662, 1736, 704, 5357, 6631, 2356, 7305, 1366, 8024, 809, 782, 3696, 2355, 8195, 1039, 4638, 817, 3419, 2199, 3681, 1501, 4508, 1825, 5738, 688, 5542, 4275, 1177, 8020, 921, 4917, 100, 7937, 3362, 100, 8021, 8108, 7578, 1297, 5314, 6579, 3681, 782, 1447, 2101, 3378, 8024, 769, 3211, 2130, 2768, 1400, 6158, 3696, 6356, 2496, 1767, 2831, 5815, 511, 3696, 6356, 794, 2101, 3378, 6716, 677, 3389, 5815, 4508, 1825, 5738, 688, 5542, 5273, 5682, 4275], "event_type_ids": [0, 0, 0, 0, 0, 0, 0, 0, 0, 0, 0, 0, 0, 0, 0, 0, 0, 0, 0, 0, 0, 0, 0, 0, 0, 0, 0, 0, 0, 0, 0, 0, 0, 0, 0, 0, 0, 0, 0, 0, 0, 0, 0, 0, 0, 0, 0, 0, 0, 0, 0, 0, 0, 0, 0, 0, 0, 0, 0, 0, 0, 87, 0, 0, 0, 0, 0, 0, 0, 0, 17, 17, 0, 0, 0, 0, 0, 0, 0, 0, 11, 0, 0, 0, 0, 0, 0, 0, 0, 0, 9, 9, 0, 0, 0, 0, 0, 0, 0, 0]}}, {"path": "3ff42a8b9f68cfe2ca3ac8bc7d97bb63.txt", "ridx": 4, "q": "2017年4月12日21时30分左右，被告人韦文能与朋友杨某1、杨某2、杨某3从丹寨县龙泉镇金石花园的“韭菜一汤”饭店出来，走到国土西路中段“小段副食品店”门口时，遇到从丹寨县龙泉镇国土西路“无极限美容院”出来的王某、李某2、李治学三人。被告人韦文能与被害人王某及案外人李治学因议论挂在“小段副食品店”门口人行道树上的画眉鸟而发生口角，后双方被李某2、李想劝开。双方在离开过程中仍不断争吵，韦文能便返回一拳击打王某面部将王某打倒在地上。韦文能打倒王某后追上李治学对李治学进行殴打，后韦文能被杨某1、李想拉开而离开现场。被害人王某被送至丹寨县人民医院进行抢救，经抢救无效死亡。经鉴定，王某系钝器外力作用于头部造成颅骨骨折，颅脑损伤死亡。另查明，2017年4月18日，被告人韦文能家属向被害人王某家属支付240000元，被告人并取得被害人家属的谅解。", "crime": ["过失致人死亡罪"], "inputs": {"input_ids": [8109, 2399, 125, 3299, 8110, 3189, 8128, 3198, 8114, 1146, 2340, 1381, 8024, 6158, 1440, 782, 7504, 3152, 5543, 680, 3301, 1351, 3342, 3378, 122, 510, 3342, 3378, 123, 510, 3342, 3378, 124, 794, 710, 2181, 1344, 7987, 3787, 7252, 7032, 4767, 5709, 1736, 4638, 100, 7508, 5831, 671, 3739, 100, 7649, 2421, 1139, 3341, 8024, 6624, 1168, 1744, 1759, 6205, 6662, 704, 3667, 100, 2207, 3667, 1199, 7608, 1501, 2421, 100, 7305, 1366, 3198, 8024, 6878, 1168, 794, 710, 2181, 1344, 7987, 3787, 7252, 1744, 1759, 6205, 6662, 100, 3187, 3353, 7361, 5401, 2159, 7368, 100, 1139, 3341, 4638], "event_type_ids": [0, 0, 0, 0, 0, 0, 0, 0, 0, 0, 0, 0, 0, 0, 0, 0, 0, 0, 0, 0, 0, 0, 0, 0, 0, 0, 0, 0, 0, 0, 0, 0, 0, 0, 0, 0, 0, 0, 0, 0, 0, 0, 0, 0, 0, 0, 0, 0, 0, 0, 0, 0, 0, 0, 0, 0, 0, 0, 0, 0, 0, 0, 0, 0, 0, 0, 0, 0, 0, 0, 0, 0, 0, 0, 0, 0, 0, 0, 0, 0, 0, 0, 0, 0, 0, 0, 0, 0, 0, 0, 0, 0, 0, 0, 0, 0, 0, 0, 0, 0]}}]